game,tag
Counter-Strike,Action
Counter-Strike,FPS
Counter-Strike,Multiplayer
Counter-Strike,Shooter
Counter-Strike,Classic
Counter-Strike,Team-Based
Counter-Strike,First-Person
Counter-Strike,Competitive
Counter-Strike,Tactical
Counter-Strike,1990's
Counter-Strike,e-sports
Counter-Strike,PvP
Counter-Strike,Old School
Counter-Strike,Military
Counter-Strike,Strategy
Counter-Strike,Survival
Counter-Strike,Score Attack
Counter-Strike,1980s
Counter-Strike,Assassin
Counter-Strike,Nostalgia
Team Fortress Classic,Action
Team Fortress Classic,FPS
Team Fortress Classic,Multiplayer
Team Fortress Classic,Classic
Team Fortress Classic,Hero Shooter
Team Fortress Classic,Shooter
Team Fortress Classic,Team-Based
Team Fortress Classic,Class-Based
Team Fortress Classic,First-Person
Team Fortress Classic,1990's
Team Fortress Classic,Old School
Team Fortress Classic,Co-op
Team Fortress Classic,Competitive
Team Fortress Classic,Fast-Paced
Team Fortress Classic,Retro
Team Fortress Classic,Online Co-Op
Team Fortress Classic,Violent
Team Fortress Classic,Funny
Team Fortress Classic,Mod
Team Fortress Classic,Remake
Ricochet,Action
Ricochet,FPS
Ricochet,Multiplayer
Ricochet,Classic
Ricochet,First-Person
Ricochet,Sci-fi
Ricochet,Shooter
Ricochet,Space
Ricochet,Cyberpunk
Ricochet,Memes
Ricochet,Psychological Horror
Ricochet,Platformer
Ricochet,Conspiracy
Ricochet,3D
Ricochet,Old School
Ricochet,Retro
Ricochet,Cult Classic
Ricochet,Competitive
Ricochet,Sports
Ricochet,Great Soundtrack
Half-Life,FPS
Half-Life,Sci-fi
Half-Life,1990's
Half-Life,Classic
Half-Life,Multiplayer
Half-Life,Singleplayer
Half-Life,Action
Half-Life,Shooter
Half-Life,First-Person
Half-Life,Aliens
Half-Life,Silent Protagonist
Half-Life,Story Rich
Half-Life,Atmospheric
Half-Life,Moddable
Half-Life,Adventure
Half-Life,Retro
Half-Life,Action-Adventure
Half-Life,Gore
Half-Life,Difficult
Half-Life,PvP
Half-Life 2,FPS
Half-Life 2,Action
Half-Life 2,Sci-fi
Half-Life 2,Classic
Half-Life 2,Singleplayer
Half-Life 2,Story Rich
Half-Life 2,Shooter
Half-Life 2,First-Person
Half-Life 2,Adventure
Half-Life 2,Dystopian
Half-Life 2,Atmospheric
Half-Life 2,Zombies
Half-Life 2,Silent Protagonist
Half-Life 2,Physics
Half-Life 2,Aliens
Half-Life 2,Great Soundtrack
Half-Life 2,Horror
Half-Life 2,Puzzle
Half-Life 2,Multiplayer
Half-Life 2,Moddable
Counter-Strike: Source,Shooter
Counter-Strike: Source,Action
Counter-Strike: Source,FPS
Counter-Strike: Source,Multiplayer
Counter-Strike: Source,Team-Based
Counter-Strike: Source,First-Person
Counter-Strike: Source,Tactical
Counter-Strike: Source,Competitive
Counter-Strike: Source,PvP
Counter-Strike: Source,e-sports
Counter-Strike: Source,Military
Counter-Strike: Source,War
Counter-Strike: Source,Strategy
Counter-Strike: Source,Moddable
Counter-Strike: Source,Singleplayer
Counter-Strike: Source,Difficult
Counter-Strike: Source,Atmospheric
Counter-Strike: Source,Survival
Counter-Strike: Source,Simulation
Counter-Strike: Source,Sandbox
Half-Life 2: Lost Coast,FPS
Half-Life 2: Lost Coast,Action
Half-Life 2: Lost Coast,Singleplayer
Half-Life 2: Lost Coast,First-Person
Half-Life 2: Lost Coast,Sci-fi
Half-Life 2: Lost Coast,Shooter
Half-Life 2: Lost Coast,Short
Half-Life 2: Lost Coast,Aliens
Half-Life 2: Lost Coast,Dystopian
Half-Life 2: Lost Coast,Classic
Half-Life 2: Lost Coast,Adventure
Half-Life 2: Lost Coast,Atmospheric
Half-Life 2: Lost Coast,Benchmark
Half-Life 2: Lost Coast,Futuristic
Half-Life 2: Lost Coast,Silent Protagonist
Half-Life 2: Lost Coast,Free to Play
Half-Life 2: Lost Coast,Multiplayer
Half-Life 2: Lost Coast,Post-apocalyptic
Half-Life 2: Lost Coast,Story Rich
Half-Life 2: Lost Coast,Great Soundtrack
Half-Life Deathmatch: Source,Action
Half-Life Deathmatch: Source,FPS
Half-Life Deathmatch: Source,Multiplayer
Half-Life Deathmatch: Source,Shooter
Half-Life Deathmatch: Source,Sci-fi
Half-Life Deathmatch: Source,First-Person
Half-Life Deathmatch: Source,Classic
Half-Life Deathmatch: Source,Remake
Half-Life Deathmatch: Source,Adventure
Half-Life Deathmatch: Source,Fast-Paced
Half-Life Deathmatch: Source,Competitive
Half-Life Deathmatch: Source,Horror
Half-Life Deathmatch: Source,Atmospheric
Half-Life Deathmatch: Source,Singleplayer
Half-Life 2: Episode One,FPS
Half-Life 2: Episode One,Action
Half-Life 2: Episode One,Sci-fi
Half-Life 2: Episode One,Singleplayer
Half-Life 2: Episode One,First-Person
Half-Life 2: Episode One,Story Rich
Half-Life 2: Episode One,Shooter
Half-Life 2: Episode One,Classic
Half-Life 2: Episode One,Dystopian
Half-Life 2: Episode One,Adventure
Half-Life 2: Episode One,Aliens
Half-Life 2: Episode One,Zombies
Half-Life 2: Episode One,Episodic
Half-Life 2: Episode One,Atmospheric
Half-Life 2: Episode One,Silent Protagonist
Half-Life 2: Episode One,Great Soundtrack
Half-Life 2: Episode One,Short
Half-Life 2: Episode One,Puzzle
Half-Life 2: Episode One,Cinematic
Half-Life 2: Episode One,Moddable
Portal,Puzzle
Portal,Puzzle-Platformer
Portal,First-Person
Portal,3D Platformer
Portal,Singleplayer
Portal,Sci-fi
Portal,Comedy
Portal,Female Protagonist
Portal,Funny
Portal,Physics
Portal,Action
Portal,Story Rich
Portal,Classic
Portal,Platformer
Portal,Science
Portal,Atmospheric
Portal,FPS
Portal,Dark Humor
Portal,Short
Portal,Adventure
Half-Life 2: Episode Two,FPS
Half-Life 2: Episode Two,Action
Half-Life 2: Episode Two,Sci-fi
Half-Life 2: Episode Two,Singleplayer
Half-Life 2: Episode Two,Shooter
Half-Life 2: Episode Two,Story Rich
Half-Life 2: Episode Two,First-Person
Half-Life 2: Episode Two,Classic
Half-Life 2: Episode Two,Adventure
Half-Life 2: Episode Two,Aliens
Half-Life 2: Episode Two,Atmospheric
Half-Life 2: Episode Two,Zombies
Half-Life 2: Episode Two,Silent Protagonist
Half-Life 2: Episode Two,Dystopian
Half-Life 2: Episode Two,Great Soundtrack
Half-Life 2: Episode Two,Post-apocalyptic
Half-Life 2: Episode Two,Episodic
Half-Life 2: Episode Two,Puzzle
Half-Life 2: Episode Two,Horror
Half-Life 2: Episode Two,Multiplayer
Team Fortress 2,Free to Play
Team Fortress 2,Hero Shooter
Team Fortress 2,Multiplayer
Team Fortress 2,FPS
Team Fortress 2,Shooter
Team Fortress 2,Action
Team Fortress 2,Class-Based
Team Fortress 2,Team-Based
Team Fortress 2,Funny
Team Fortress 2,First-Person
Team Fortress 2,Online Co-Op
Team Fortress 2,Competitive
Team Fortress 2,Cartoony
Team Fortress 2,Trading
Team Fortress 2,Co-op
Team Fortress 2,Comedy
Team Fortress 2,Robots
Team Fortress 2,Tactical
Team Fortress 2,Cartoon
Team Fortress 2,Crafting
Left 4 Dead,Zombies
Left 4 Dead,Co-op
Left 4 Dead,Multiplayer
Left 4 Dead,FPS
Left 4 Dead,Action
Left 4 Dead,Horror
Left 4 Dead,Shooter
Left 4 Dead,Online Co-Op
Left 4 Dead,Survival
Left 4 Dead,Team-Based
Left 4 Dead,First-Person
Left 4 Dead,Post-apocalyptic
Left 4 Dead,Singleplayer
Left 4 Dead,Atmospheric
Left 4 Dead,Adventure
Left 4 Dead,Moddable
Left 4 Dead,Tactical
Left 4 Dead,Replay Value
Left 4 Dead,Competitive
Left 4 Dead,Female Protagonist
Left 4 Dead 2,Zombies
Left 4 Dead 2,Co-op
Left 4 Dead 2,FPS
Left 4 Dead 2,Multiplayer
Left 4 Dead 2,Shooter
Left 4 Dead 2,Online Co-Op
Left 4 Dead 2,Action
Left 4 Dead 2,Survival
Left 4 Dead 2,Horror
Left 4 Dead 2,First-Person
Left 4 Dead 2,Gore
Left 4 Dead 2,Team-Based
Left 4 Dead 2,Moddable
Left 4 Dead 2,Survival Horror
Left 4 Dead 2,Post-apocalyptic
Left 4 Dead 2,Singleplayer
Left 4 Dead 2,Adventure
Left 4 Dead 2,Local Co-Op
Left 4 Dead 2,Replay Value
Left 4 Dead 2,Tactical
Dota 2,Free to Play
Dota 2,MOBA
Dota 2,Multiplayer
Dota 2,Strategy
Dota 2,e-sports
Dota 2,Team-Based
Dota 2,Competitive
Dota 2,Action
Dota 2,Online Co-Op
Dota 2,PvP
Dota 2,Difficult
Dota 2,Co-op
Dota 2,RTS
Dota 2,Tower Defense
Dota 2,RPG
Dota 2,Fantasy
Dota 2,Character Customization
Dota 2,Replay Value
Dota 2,Action RPG
Dota 2,Simulation
Portal 2,Platformer
Portal 2,Puzzle
Portal 2,Dark Humor
Portal 2,First-Person
Portal 2,Story Rich
Portal 2,Puzzle-Platformer
Portal 2,Funny
Portal 2,Female Protagonist
Portal 2,3D Platformer
Portal 2,Action-Adventure
Portal 2,Action
Portal 2,FPS
Portal 2,Co-op
Portal 2,Physics
Portal 2,Level Editor
Portal 2,Sci-fi
Portal 2,Science
Portal 2,Atmospheric
Portal 2,Comedy
Portal 2,Adventure
Counter-Strike: Global Offensive,FPS
Counter-Strike: Global Offensive,Shooter
Counter-Strike: Global Offensive,Multiplayer
Counter-Strike: Global Offensive,Competitive
Counter-Strike: Global Offensive,Action
Counter-Strike: Global Offensive,Team-Based
Counter-Strike: Global Offensive,e-sports
Counter-Strike: Global Offensive,Tactical
Counter-Strike: Global Offensive,First-Person
Counter-Strike: Global Offensive,PvP
Counter-Strike: Global Offensive,Online Co-Op
Counter-Strike: Global Offensive,Co-op
Counter-Strike: Global Offensive,Strategy
Counter-Strike: Global Offensive,Military
Counter-Strike: Global Offensive,War
Counter-Strike: Global Offensive,Difficult
Counter-Strike: Global Offensive,Trading
Counter-Strike: Global Offensive,Realistic
Counter-Strike: Global Offensive,Fast-Paced
Counter-Strike: Global Offensive,Moddable
Call of Duty® 2,Action
Call of Duty® 2,World War II
Call of Duty® 2,FPS
Call of Duty® 2,Multiplayer
Call of Duty® 2,Singleplayer
Call of Duty® 2,Shooter
Call of Duty® 2,War
Call of Duty® 2,Classic
Call of Duty® 2,First-Person
Call of Duty® 2,Historical
Call of Duty® 2,Military
Call of Duty® 2,Atmospheric
Call of Duty® 2,Story Rich
Call of Duty® 2,Co-op
Call of Duty® 2,Controller
Call of Duty® 2,Adventure
Call of Duty® 2,Casual
Call of Duty® 2,Online Co-Op
Call of Duty® 2,Zombies
Call of Duty® 2,Simulation
Plants vs. Zombies GOTY Edition,Tower Defense
Plants vs. Zombies GOTY Edition,Zombies
Plants vs. Zombies GOTY Edition,Strategy
Plants vs. Zombies GOTY Edition,Singleplayer
Plants vs. Zombies GOTY Edition,Casual
Plants vs. Zombies GOTY Edition,Comedy
Plants vs. Zombies GOTY Edition,2D
Plants vs. Zombies GOTY Edition,Classic
Plants vs. Zombies GOTY Edition,Great Soundtrack
Plants vs. Zombies GOTY Edition,Family Friendly
Plants vs. Zombies GOTY Edition,Funny
Plants vs. Zombies GOTY Edition,Puzzle
Plants vs. Zombies GOTY Edition,Addictive
Plants vs. Zombies GOTY Edition,Cute
Plants vs. Zombies GOTY Edition,Survival
Plants vs. Zombies GOTY Edition,Indie
Plants vs. Zombies GOTY Edition,Tactical
Plants vs. Zombies GOTY Edition,Touch-Friendly
Plants vs. Zombies GOTY Edition,Adventure
Plants vs. Zombies GOTY Edition,Post-apocalyptic
Sid Meier's Civilization® IV,Strategy
Sid Meier's Civilization® IV,Turn-Based Strategy
Sid Meier's Civilization® IV,Turn-Based
Sid Meier's Civilization® IV,4X
Sid Meier's Civilization® IV,Historical
Sid Meier's Civilization® IV,Multiplayer
Sid Meier's Civilization® IV,Singleplayer
Sid Meier's Civilization® IV,Moddable
Sid Meier's Civilization® IV,Grand Strategy
Sid Meier's Civilization® IV,Classic
Sid Meier's Civilization® IV,Addictive
Sid Meier's Civilization® IV,Replay Value
Sid Meier's Civilization® IV,Simulation
Sid Meier's Civilization® IV,Resource Management
Sid Meier's Civilization® IV,Great Soundtrack
Sid Meier's Civilization® IV,War
Sid Meier's Civilization® IV,Economy
Sid Meier's Civilization® IV,Tactical
Sid Meier's Civilization® IV,Management
Sid Meier's Civilization® IV,Local Multiplayer
Garry's Mod,Sandbox
Garry's Mod,Multiplayer
Garry's Mod,Funny
Garry's Mod,Moddable
Garry's Mod,Building
Garry's Mod,Mod
Garry's Mod,Comedy
Garry's Mod,Co-op
Garry's Mod,First-Person
Garry's Mod,Physics
Garry's Mod,Simulation
Garry's Mod,Online Co-Op
Garry's Mod,FPS
Garry's Mod,Singleplayer
Garry's Mod,Action
Garry's Mod,Animation & Modeling
Garry's Mod,Shooter
Garry's Mod,Indie
Garry's Mod,Massively Multiplayer
Garry's Mod,Adventure
S.T.A.L.K.E.R.: Shadow of Chernobyl,Atmospheric
S.T.A.L.K.E.R.: Shadow of Chernobyl,Post-apocalyptic
S.T.A.L.K.E.R.: Shadow of Chernobyl,Open World
S.T.A.L.K.E.R.: Shadow of Chernobyl,FPS
S.T.A.L.K.E.R.: Shadow of Chernobyl,Survival
S.T.A.L.K.E.R.: Shadow of Chernobyl,Action
S.T.A.L.K.E.R.: Shadow of Chernobyl,RPG
S.T.A.L.K.E.R.: Shadow of Chernobyl,Shooter
S.T.A.L.K.E.R.: Shadow of Chernobyl,Survival Horror
S.T.A.L.K.E.R.: Shadow of Chernobyl,Horror
S.T.A.L.K.E.R.: Shadow of Chernobyl,First-Person
S.T.A.L.K.E.R.: Shadow of Chernobyl,Singleplayer
S.T.A.L.K.E.R.: Shadow of Chernobyl,Classic
S.T.A.L.K.E.R.: Shadow of Chernobyl,Based On A Novel
S.T.A.L.K.E.R.: Shadow of Chernobyl,Moddable
S.T.A.L.K.E.R.: Shadow of Chernobyl,Adventure
S.T.A.L.K.E.R.: Shadow of Chernobyl,Immersive
S.T.A.L.K.E.R.: Shadow of Chernobyl,Sci-fi
S.T.A.L.K.E.R.: Shadow of Chernobyl,Inventory Management
S.T.A.L.K.E.R.: Shadow of Chernobyl,Difficult
"Warhammer® 40,000: Dawn of War® - Game of the Year Edition",Strategy
"Warhammer® 40,000: Dawn of War® - Game of the Year Edition",RTS
"Warhammer® 40,000: Dawn of War® - Game of the Year Edition",Warhammer 40K
"Warhammer® 40,000: Dawn of War® - Game of the Year Edition",Base-Building
"Warhammer® 40,000: Dawn of War® - Game of the Year Edition",Sci-fi
"Warhammer® 40,000: Dawn of War® - Game of the Year Edition",Multiplayer
"Warhammer® 40,000: Dawn of War® - Game of the Year Edition",Real-Time
"Warhammer® 40,000: Dawn of War® - Game of the Year Edition",Games Workshop
"Warhammer® 40,000: Dawn of War® - Game of the Year Edition",Tactical
"Warhammer® 40,000: Dawn of War® - Game of the Year Edition",Singleplayer
"Warhammer® 40,000: Dawn of War® - Game of the Year Edition",War
"Warhammer® 40,000: Dawn of War® - Game of the Year Edition",Classic
"Warhammer® 40,000: Dawn of War® - Game of the Year Edition",Action
"Warhammer® 40,000: Dawn of War® - Game of the Year Edition",Gore
"Warhammer® 40,000: Dawn of War® - Game of the Year Edition",Fantasy
"Warhammer® 40,000: Dawn of War® - Game of the Year Edition",Great Soundtrack
"Warhammer® 40,000: Dawn of War® - Game of the Year Edition",Epic
"Warhammer® 40,000: Dawn of War® - Game of the Year Edition",Story Rich
"Warhammer® 40,000: Dawn of War® - Game of the Year Edition",Futuristic
"Warhammer® 40,000: Dawn of War® - Game of the Year Edition",Dark
STAR WARS™ Republic Commando™,FPS
STAR WARS™ Republic Commando™,Action
STAR WARS™ Republic Commando™,Tactical
STAR WARS™ Republic Commando™,Sci-fi
STAR WARS™ Republic Commando™,Singleplayer
STAR WARS™ Republic Commando™,Shooter
STAR WARS™ Republic Commando™,First-Person
STAR WARS™ Republic Commando™,Classic
STAR WARS™ Republic Commando™,Multiplayer
STAR WARS™ Republic Commando™,Great Soundtrack
STAR WARS™ Republic Commando™,Atmospheric
STAR WARS™ Republic Commando™,Space
STAR WARS™ Republic Commando™,Epic
STAR WARS™ Republic Commando™,Adventure
STAR WARS™ Republic Commando™,Team-Based
STAR WARS™ Republic Commando™,War
STAR WARS™ Republic Commando™,Co-op
STAR WARS™ Republic Commando™,Strategy
STAR WARS™ Republic Commando™,Dark
STAR WARS™ Republic Commando™,Futuristic
"Star Wars: Battlefront 2 (Classic, 2005)",Action
"Star Wars: Battlefront 2 (Classic, 2005)",Multiplayer
"Star Wars: Battlefront 2 (Classic, 2005)",Shooter
"Star Wars: Battlefront 2 (Classic, 2005)",Classic
"Star Wars: Battlefront 2 (Classic, 2005)",Third-Person Shooter
"Star Wars: Battlefront 2 (Classic, 2005)",Sci-fi
"Star Wars: Battlefront 2 (Classic, 2005)",Space
"Star Wars: Battlefront 2 (Classic, 2005)",FPS
"Star Wars: Battlefront 2 (Classic, 2005)",First-Person
"Star Wars: Battlefront 2 (Classic, 2005)",Singleplayer
"Star Wars: Battlefront 2 (Classic, 2005)",Moddable
"Star Wars: Battlefront 2 (Classic, 2005)",Third Person
"Star Wars: Battlefront 2 (Classic, 2005)",Military
"Star Wars: Battlefront 2 (Classic, 2005)",Co-op
"Star Wars: Battlefront 2 (Classic, 2005)",Tactical
"Star Wars: Battlefront 2 (Classic, 2005)",Great Soundtrack
"Star Wars: Battlefront 2 (Classic, 2005)",Strategy
"Star Wars: Battlefront 2 (Classic, 2005)",Adventure
"Star Wars: Battlefront 2 (Classic, 2005)",Addictive
"Star Wars: Battlefront 2 (Classic, 2005)",Epic
Hitman 2: Silent Assassin,Stealth
Hitman 2: Silent Assassin,Action
Hitman 2: Silent Assassin,Third Person
Hitman 2: Silent Assassin,Assassin
Hitman 2: Silent Assassin,Singleplayer
Hitman 2: Silent Assassin,Classic
Hitman 2: Silent Assassin,Shooter
Hitman 2: Silent Assassin,Sandbox
Hitman 2: Silent Assassin,Great Soundtrack
Hitman 2: Silent Assassin,Old School
Hitman 2: Silent Assassin,Difficult
Hitman 2: Silent Assassin,Adventure
Hitman 2: Silent Assassin,Gore
Hitman 2: Silent Assassin,First-Person
Hitman 2: Silent Assassin,FPS
Hitman 2: Silent Assassin,Atmospheric
Hitman 2: Silent Assassin,Crime
Hitman 2: Silent Assassin,Tactical
Hitman 2: Silent Assassin,Story Rich
Hitman 2: Silent Assassin,Third-Person Shooter
Hitman: Blood Money,Stealth
Hitman: Blood Money,Action
Hitman: Blood Money,Assassin
Hitman: Blood Money,Singleplayer
Hitman: Blood Money,Third Person
Hitman: Blood Money,Classic
Hitman: Blood Money,Great Soundtrack
Hitman: Blood Money,Third-Person Shooter
Hitman: Blood Money,Cult Classic
Hitman: Blood Money,Sandbox
Hitman: Blood Money,Puzzle
Hitman: Blood Money,Replay Value
Hitman: Blood Money,Crime
Hitman: Blood Money,Shooter
Hitman: Blood Money,Atmospheric
Hitman: Blood Money,Difficult
Hitman: Blood Money,Strategy
Hitman: Blood Money,First-Person
Hitman: Blood Money,Dark
Hitman: Blood Money,Simulation
Just Cause,Action
Just Cause,Open World
Just Cause,Shooter
Just Cause,Third Person
Just Cause,Singleplayer
Just Cause,Adventure
Just Cause,Sandbox
Just Cause,Third-Person Shooter
Just Cause,Classic
Just Cause,Multiplayer
Just Cause,Controller
Just Cause,Atmospheric
Just Cause,Great Soundtrack
Just Cause,Action RPG
Just Cause,Violent
Just Cause,Funny
Just Cause,RPG
Deus Ex: Game of the Year Edition,Cyberpunk
Deus Ex: Game of the Year Edition,RPG
Deus Ex: Game of the Year Edition,Stealth
Deus Ex: Game of the Year Edition,Classic
Deus Ex: Game of the Year Edition,FPS
Deus Ex: Game of the Year Edition,Sci-fi
Deus Ex: Game of the Year Edition,Immersive Sim
Deus Ex: Game of the Year Edition,Cult Classic
Deus Ex: Game of the Year Edition,Action
Deus Ex: Game of the Year Edition,Singleplayer
Deus Ex: Game of the Year Edition,Dystopian
Deus Ex: Game of the Year Edition,Story Rich
Deus Ex: Game of the Year Edition,Inventory Management
Deus Ex: Game of the Year Edition,Great Soundtrack
Deus Ex: Game of the Year Edition,First-Person
Deus Ex: Game of the Year Edition,Atmospheric
Deus Ex: Game of the Year Edition,Conspiracy
Deus Ex: Game of the Year Edition,Moddable
Deus Ex: Game of the Year Edition,Action RPG
Deus Ex: Game of the Year Edition,Shooter
BioShock™,FPS
BioShock™,Atmospheric
BioShock™,Story Rich
BioShock™,Action
BioShock™,Singleplayer
BioShock™,Horror
BioShock™,Steampunk
BioShock™,First-Person
BioShock™,Shooter
BioShock™,Sci-fi
BioShock™,RPG
BioShock™,Classic
BioShock™,Adventure
BioShock™,Dystopian
BioShock™,Underwater
BioShock™,Immersive
BioShock™,Dark
BioShock™,Political
BioShock™,Great Soundtrack
BioShock™,Alternate History
Call of Duty® 4: Modern Warfare® (2007),FPS
Call of Duty® 4: Modern Warfare® (2007),Action
Call of Duty® 4: Modern Warfare® (2007),Multiplayer
Call of Duty® 4: Modern Warfare® (2007),Shooter
Call of Duty® 4: Modern Warfare® (2007),Singleplayer
Call of Duty® 4: Modern Warfare® (2007),First-Person
Call of Duty® 4: Modern Warfare® (2007),Classic
Call of Duty® 4: Modern Warfare® (2007),Military
Call of Duty® 4: Modern Warfare® (2007),War
Call of Duty® 4: Modern Warfare® (2007),PvP
Call of Duty® 4: Modern Warfare® (2007),Great Soundtrack
Call of Duty® 4: Modern Warfare® (2007),Story Rich
Call of Duty® 4: Modern Warfare® (2007),Linear
Call of Duty® 4: Modern Warfare® (2007),Modern
Call of Duty® 4: Modern Warfare® (2007),Co-op
Call of Duty® 4: Modern Warfare® (2007),Controller
Call of Duty® 4: Modern Warfare® (2007),Atmospheric
Call of Duty® 4: Modern Warfare® (2007),Moddable
Call of Duty® 4: Modern Warfare® (2007),Competitive
Call of Duty® 4: Modern Warfare® (2007),Zombies
EVE Online,Space
EVE Online,Free to Play
EVE Online,RPG
EVE Online,Sci-fi
EVE Online,PvP
EVE Online,Open World
EVE Online,Sandbox
EVE Online,Strategy
EVE Online,Multiplayer
EVE Online,Action
EVE Online,Economy
EVE Online,Massively Multiplayer
EVE Online,Character Customization
EVE Online,Exploration
EVE Online,War
EVE Online,Spaceships
EVE Online,Politics
EVE Online,Lore-Rich
EVE Online,MMORPG
EVE Online,PvE
BioShock® 2,FPS
BioShock® 2,Action
BioShock® 2,Singleplayer
BioShock® 2,Atmospheric
BioShock® 2,Story Rich
BioShock® 2,Horror
BioShock® 2,Shooter
BioShock® 2,First-Person
BioShock® 2,Steampunk
BioShock® 2,Sci-fi
BioShock® 2,Multiplayer
BioShock® 2,Underwater
BioShock® 2,Dystopian
BioShock® 2,Adventure
BioShock® 2,RPG
BioShock® 2,Immersive
BioShock® 2,Dark
BioShock® 2,Great Soundtrack
BioShock® 2,Philosophical
BioShock® 2,Action RPG
BioShock Infinite,FPS
BioShock Infinite,Story Rich
BioShock Infinite,Action
BioShock Infinite,Singleplayer
BioShock Infinite,Steampunk
BioShock Infinite,Atmospheric
BioShock Infinite,Shooter
BioShock Infinite,First-Person
BioShock Infinite,Beautiful
BioShock Infinite,Alternate History
BioShock Infinite,Adventure
BioShock Infinite,Great Soundtrack
BioShock Infinite,Dystopian
BioShock Infinite,Sci-fi
BioShock Infinite,Time Travel
BioShock Infinite,Fantasy
BioShock Infinite,Gore
BioShock Infinite,Linear
BioShock Infinite,RPG
BioShock Infinite,Immersive
Sid Meier's Civilization® V,Turn-Based Strategy
Sid Meier's Civilization® V,Strategy
Sid Meier's Civilization® V,Turn-Based
Sid Meier's Civilization® V,Multiplayer
Sid Meier's Civilization® V,Historical
Sid Meier's Civilization® V,4X
Sid Meier's Civilization® V,Addictive
Sid Meier's Civilization® V,Singleplayer
Sid Meier's Civilization® V,Hex Grid
Sid Meier's Civilization® V,Grand Strategy
Sid Meier's Civilization® V,Replay Value
Sid Meier's Civilization® V,Co-op
Sid Meier's Civilization® V,Economy
Sid Meier's Civilization® V,Tactical
Sid Meier's Civilization® V,Diplomacy
Sid Meier's Civilization® V,Moddable
Sid Meier's Civilization® V,Simulation
Sid Meier's Civilization® V,Classic
Sid Meier's Civilization® V,Great Soundtrack
Sid Meier's Civilization® V,Touch-Friendly
Borderlands Game of the Year,Looter Shooter
Borderlands Game of the Year,FPS
Borderlands Game of the Year,Co-op
Borderlands Game of the Year,RPG
Borderlands Game of the Year,Action
Borderlands Game of the Year,Loot
Borderlands Game of the Year,Shooter
Borderlands Game of the Year,Online Co-Op
Borderlands Game of the Year,First-Person
Borderlands Game of the Year,Open World
Borderlands Game of the Year,Comedy
Borderlands Game of the Year,Multiplayer
Borderlands Game of the Year,Sci-fi
Borderlands Game of the Year,Post-apocalyptic
Borderlands Game of the Year,Singleplayer
Borderlands Game of the Year,Action RPG
Borderlands Game of the Year,Funny
Borderlands Game of the Year,Dark Humor
Borderlands Game of the Year,Adventure
Borderlands Game of the Year,Gore
Call of Duty: World at War,Zombies
Call of Duty: World at War,World War II
Call of Duty: World at War,FPS
Call of Duty: World at War,Multiplayer
Call of Duty: World at War,Action
Call of Duty: World at War,Shooter
Call of Duty: World at War,Co-op
Call of Duty: World at War,Singleplayer
Call of Duty: World at War,Moddable
Call of Duty: World at War,First-Person
Call of Duty: World at War,War
Call of Duty: World at War,Online Co-Op
Call of Duty: World at War,Gore
Call of Duty: World at War,Historical
Call of Duty: World at War,Classic
Call of Duty: World at War,Survival
Call of Duty: World at War,Great Soundtrack
Call of Duty: World at War,Tanks
Call of Duty: World at War,Horror
Call of Duty: World at War,Adventure
Call of Duty®: Modern Warfare® 2 (2009),Action
Call of Duty®: Modern Warfare® 2 (2009),FPS
Call of Duty®: Modern Warfare® 2 (2009),Multiplayer
Call of Duty®: Modern Warfare® 2 (2009),Shooter
Call of Duty®: Modern Warfare® 2 (2009),First-Person
Call of Duty®: Modern Warfare® 2 (2009),Singleplayer
Call of Duty®: Modern Warfare® 2 (2009),War
Call of Duty®: Modern Warfare® 2 (2009),Military
Call of Duty®: Modern Warfare® 2 (2009),Co-op
Call of Duty®: Modern Warfare® 2 (2009),Online Co-Op
Call of Duty®: Modern Warfare® 2 (2009),PvP
Call of Duty®: Modern Warfare® 2 (2009),Great Soundtrack
Call of Duty®: Modern Warfare® 2 (2009),Story Rich
Call of Duty®: Modern Warfare® 2 (2009),Atmospheric
Call of Duty®: Modern Warfare® 2 (2009),Adventure
Call of Duty®: Modern Warfare® 2 (2009),Tactical
Call of Duty®: Modern Warfare® 2 (2009),Controller
Call of Duty®: Modern Warfare® 2 (2009),Linear
Call of Duty®: Modern Warfare® 2 (2009),Strategy
Call of Duty®: Modern Warfare® 2 (2009),Moddable
Grand Theft Auto III,Open World
Grand Theft Auto III,Action
Grand Theft Auto III,Automobile Sim
Grand Theft Auto III,Classic
Grand Theft Auto III,Third Person
Grand Theft Auto III,Crime
Grand Theft Auto III,Singleplayer
Grand Theft Auto III,Driving
Grand Theft Auto III,Sandbox
Grand Theft Auto III,Shooter
Grand Theft Auto III,Third-Person Shooter
Grand Theft Auto III,Great Soundtrack
Grand Theft Auto III,Violent
Grand Theft Auto III,Adventure
Grand Theft Auto III,Atmospheric
Grand Theft Auto III,Silent Protagonist
Grand Theft Auto III,Mature
Grand Theft Auto III,Story Rich
Grand Theft Auto III,Multiplayer
Grand Theft Auto III,Moddable
Grand Theft Auto: Vice City,Open World
Grand Theft Auto: Vice City,Action
Grand Theft Auto: Vice City,Automobile Sim
Grand Theft Auto: Vice City,1980s
Grand Theft Auto: Vice City,Classic
Grand Theft Auto: Vice City,Great Soundtrack
Grand Theft Auto: Vice City,Crime
Grand Theft Auto: Vice City,Third Person
Grand Theft Auto: Vice City,Singleplayer
Grand Theft Auto: Vice City,Driving
Grand Theft Auto: Vice City,Sandbox
Grand Theft Auto: Vice City,Atmospheric
Grand Theft Auto: Vice City,Third-Person Shooter
Grand Theft Auto: Vice City,Violent
Grand Theft Auto: Vice City,Shooter
Grand Theft Auto: Vice City,Adventure
Grand Theft Auto: Vice City,Mature
Grand Theft Auto: Vice City,Music
Grand Theft Auto: Vice City,Funny
Grand Theft Auto: Vice City,Multiplayer
Grand Theft Auto: San Andreas,Open World
Grand Theft Auto: San Andreas,Action
Grand Theft Auto: San Andreas,Crime
Grand Theft Auto: San Andreas,Classic
Grand Theft Auto: San Andreas,Automobile Sim
Grand Theft Auto: San Andreas,Third Person
Grand Theft Auto: San Andreas,Singleplayer
Grand Theft Auto: San Andreas,Multiplayer
Grand Theft Auto: San Andreas,Shooter
Grand Theft Auto: San Andreas,Driving
Grand Theft Auto: San Andreas,Story Rich
Grand Theft Auto: San Andreas,Adventure
Grand Theft Auto: San Andreas,Sandbox
Grand Theft Auto: San Andreas,Mature
Grand Theft Auto: San Andreas,Great Soundtrack
Grand Theft Auto: San Andreas,Third-Person Shooter
Grand Theft Auto: San Andreas,Moddable
Grand Theft Auto: San Andreas,Atmospheric
Grand Theft Auto: San Andreas,Funny
Grand Theft Auto: San Andreas,Comedy
Grand Theft Auto IV: The Complete Edition,Open World
Grand Theft Auto IV: The Complete Edition,Action
Grand Theft Auto IV: The Complete Edition,Automobile Sim
Grand Theft Auto IV: The Complete Edition,Multiplayer
Grand Theft Auto IV: The Complete Edition,Crime
Grand Theft Auto IV: The Complete Edition,Third Person
Grand Theft Auto IV: The Complete Edition,Adventure
Grand Theft Auto IV: The Complete Edition,Singleplayer
Grand Theft Auto IV: The Complete Edition,Third-Person Shooter
Grand Theft Auto IV: The Complete Edition,Sandbox
Grand Theft Auto IV: The Complete Edition,Moddable
Grand Theft Auto IV: The Complete Edition,Shooter
Grand Theft Auto IV: The Complete Edition,Physics
Grand Theft Auto IV: The Complete Edition,Atmospheric
Grand Theft Auto IV: The Complete Edition,Classic
Grand Theft Auto IV: The Complete Edition,Funny
Grand Theft Auto IV: The Complete Edition,Dark Humor
Grand Theft Auto IV: The Complete Edition,Gore
Grand Theft Auto IV: The Complete Edition,Co-op
Grand Theft Auto IV: The Complete Edition,Satire
Grand Theft Auto: Episodes from Liberty City,Open World
Grand Theft Auto: Episodes from Liberty City,Action
Grand Theft Auto: Episodes from Liberty City,Automobile Sim
Grand Theft Auto: Episodes from Liberty City,Third Person
Grand Theft Auto: Episodes from Liberty City,Multiplayer
Grand Theft Auto: Episodes from Liberty City,Crime
Grand Theft Auto: Episodes from Liberty City,Adventure
Grand Theft Auto: Episodes from Liberty City,Shooter
Grand Theft Auto: Episodes from Liberty City,Sandbox
Grand Theft Auto: Episodes from Liberty City,Singleplayer
Grand Theft Auto: Episodes from Liberty City,Driving
Grand Theft Auto: Episodes from Liberty City,Third-Person Shooter
Grand Theft Auto: Episodes from Liberty City,Mature
Grand Theft Auto: Episodes from Liberty City,Great Soundtrack
Grand Theft Auto: Episodes from Liberty City,Nudity
Grand Theft Auto: Episodes from Liberty City,Story Rich
Grand Theft Auto: Episodes from Liberty City,Racing
Grand Theft Auto: Episodes from Liberty City,Comedy
Grand Theft Auto: Episodes from Liberty City,Moddable
Grand Theft Auto: Episodes from Liberty City,Atmospheric
Mirror's Edge™,Action-Adventure
Mirror's Edge™,Parkour
Mirror's Edge™,First-Person
Mirror's Edge™,Exploration
Mirror's Edge™,3D Platformer
Mirror's Edge™,Female Protagonist
Mirror's Edge™,Singleplayer
Mirror's Edge™,Platformer
Mirror's Edge™,Puzzle
Mirror's Edge™,Cyberpunk
Mirror's Edge™,Action
Mirror's Edge™,Colorful
Mirror's Edge™,Stylized
Mirror's Edge™,Dystopian
Mirror's Edge™,Atmospheric
Mirror's Edge™,Sci-fi
Mirror's Edge™,Adventure
Mirror's Edge™,Futuristic
Mirror's Edge™,Great Soundtrack
Mirror's Edge™,Time Attack
Need for Speed Undercover,Racing
Need for Speed Undercover,Open World
Need for Speed Undercover,Multiplayer
Need for Speed Undercover,Action
Need for Speed Undercover,Automobile Sim
Need for Speed Undercover,Driving
Need for Speed Undercover,Arcade
Need for Speed Undercover,Singleplayer
Need for Speed Undercover,Simulation
Need for Speed Undercover,Story Rich
Need for Speed Undercover,Great Soundtrack
Need for Speed Undercover,Controller
Need for Speed Undercover,Classic
Need for Speed Undercover,Online Co-Op
Need for Speed Undercover,Free to Play
Mass Effect (2007),RPG
Mass Effect (2007),Sci-fi
Mass Effect (2007),Story Rich
Mass Effect (2007),Action
Mass Effect (2007),Space
Mass Effect (2007),Third-Person Shooter
Mass Effect (2007),Singleplayer
Mass Effect (2007),Choices Matter
Mass Effect (2007),Great Soundtrack
Mass Effect (2007),Third Person
Mass Effect (2007),Character Customization
Mass Effect (2007),Shooter
Mass Effect (2007),Adventure
Mass Effect (2007),Female Protagonist
Mass Effect (2007),Romance
Mass Effect (2007),Atmospheric
Mass Effect (2007),Open World
Mass Effect (2007),Action RPG
Mass Effect (2007),Real-Time with Pause
Mass Effect (2007),Immersive
Dead Space (2008),Horror
Dead Space (2008),Sci-fi
Dead Space (2008),Action
Dead Space (2008),Space
Dead Space (2008),Survival Horror
Dead Space (2008),Third Person
Dead Space (2008),Atmospheric
Dead Space (2008),Singleplayer
Dead Space (2008),Third-Person Shooter
Dead Space (2008),Gore
Dead Space (2008),Shooter
Dead Space (2008),Aliens
Dead Space (2008),Dark
Dead Space (2008),Futuristic
Dead Space (2008),Story Rich
Dead Space (2008),Silent Protagonist
Dead Space (2008),Survival
Dead Space (2008),Adventure
Dead Space (2008),Zombies
Dead Space (2008),Immersive
The Witcher: Enhanced Edition Director's Cut,RPG
The Witcher: Enhanced Edition Director's Cut,Fantasy
The Witcher: Enhanced Edition Director's Cut,Story Rich
The Witcher: Enhanced Edition Director's Cut,Mature
The Witcher: Enhanced Edition Director's Cut,Singleplayer
The Witcher: Enhanced Edition Director's Cut,Choices Matter
The Witcher: Enhanced Edition Director's Cut,Action
The Witcher: Enhanced Edition Director's Cut,Third Person
The Witcher: Enhanced Edition Director's Cut,Nudity
The Witcher: Enhanced Edition Director's Cut,Adventure
The Witcher: Enhanced Edition Director's Cut,Dark Fantasy
The Witcher: Enhanced Edition Director's Cut,Based On A Novel
The Witcher: Enhanced Edition Director's Cut,Atmospheric
The Witcher: Enhanced Edition Director's Cut,Open World
The Witcher: Enhanced Edition Director's Cut,Great Soundtrack
The Witcher: Enhanced Edition Director's Cut,Multiple Endings
The Witcher: Enhanced Edition Director's Cut,Medieval
The Witcher: Enhanced Edition Director's Cut,Action RPG
The Witcher: Enhanced Edition Director's Cut,Magic
The Witcher: Enhanced Edition Director's Cut,Classic
The Witcher 2: Assassins of Kings Enhanced Edition,RPG
The Witcher 2: Assassins of Kings Enhanced Edition,Fantasy
The Witcher 2: Assassins of Kings Enhanced Edition,Mature
The Witcher 2: Assassins of Kings Enhanced Edition,Story Rich
The Witcher 2: Assassins of Kings Enhanced Edition,Choices Matter
The Witcher 2: Assassins of Kings Enhanced Edition,Singleplayer
The Witcher 2: Assassins of Kings Enhanced Edition,Third Person
The Witcher 2: Assassins of Kings Enhanced Edition,Adventure
The Witcher 2: Assassins of Kings Enhanced Edition,Nudity
The Witcher 2: Assassins of Kings Enhanced Edition,Dark Fantasy
The Witcher 2: Assassins of Kings Enhanced Edition,Multiple Endings
The Witcher 2: Assassins of Kings Enhanced Edition,Action
The Witcher 2: Assassins of Kings Enhanced Edition,Open World
The Witcher 2: Assassins of Kings Enhanced Edition,Atmospheric
The Witcher 2: Assassins of Kings Enhanced Edition,Based On A Novel
The Witcher 2: Assassins of Kings Enhanced Edition,Well-Written
The Witcher 2: Assassins of Kings Enhanced Edition,Difficult
The Witcher 2: Assassins of Kings Enhanced Edition,Medieval
The Witcher 2: Assassins of Kings Enhanced Edition,Magic
The Witcher 2: Assassins of Kings Enhanced Edition,Dark
Resident Evil 5,Action
Resident Evil 5,Zombies
Resident Evil 5,Co-op
Resident Evil 5,Third-Person Shooter
Resident Evil 5,Co-op Campaign
Resident Evil 5,Horror
Resident Evil 5,Online Co-Op
Resident Evil 5,Adventure
Resident Evil 5,Multiplayer
Resident Evil 5,Third Person
Resident Evil 5,Survival Horror
Resident Evil 5,Shooter
Resident Evil 5,Singleplayer
Resident Evil 5,Local Co-Op
Resident Evil 5,Female Protagonist
Resident Evil 5,Quick-Time Events
Resident Evil 5,Survival
Resident Evil 5,Gore
Resident Evil 5,Atmospheric
Resident Evil 5,3D Vision
The Elder Scrolls III: Morrowind® Game of the Year Edition,RPG
The Elder Scrolls III: Morrowind® Game of the Year Edition,Open World
The Elder Scrolls III: Morrowind® Game of the Year Edition,Fantasy
The Elder Scrolls III: Morrowind® Game of the Year Edition,Classic
The Elder Scrolls III: Morrowind® Game of the Year Edition,Great Soundtrack
The Elder Scrolls III: Morrowind® Game of the Year Edition,Moddable
The Elder Scrolls III: Morrowind® Game of the Year Edition,Singleplayer
The Elder Scrolls III: Morrowind® Game of the Year Edition,First-Person
The Elder Scrolls III: Morrowind® Game of the Year Edition,Adventure
The Elder Scrolls III: Morrowind® Game of the Year Edition,Cult Classic
The Elder Scrolls III: Morrowind® Game of the Year Edition,Atmospheric
The Elder Scrolls III: Morrowind® Game of the Year Edition,Magic
The Elder Scrolls III: Morrowind® Game of the Year Edition,Exploration
The Elder Scrolls III: Morrowind® Game of the Year Edition,Story Rich
The Elder Scrolls III: Morrowind® Game of the Year Edition,Sandbox
The Elder Scrolls III: Morrowind® Game of the Year Edition,Character Customization
The Elder Scrolls III: Morrowind® Game of the Year Edition,Action RPG
The Elder Scrolls III: Morrowind® Game of the Year Edition,Medieval
The Elder Scrolls III: Morrowind® Game of the Year Edition,Action
The Elder Scrolls III: Morrowind® Game of the Year Edition,Third Person
The Elder Scrolls IV: Oblivion® Game of the Year Edition,RPG
The Elder Scrolls IV: Oblivion® Game of the Year Edition,Open World
The Elder Scrolls IV: Oblivion® Game of the Year Edition,Fantasy
The Elder Scrolls IV: Oblivion® Game of the Year Edition,Singleplayer
The Elder Scrolls IV: Oblivion® Game of the Year Edition,Moddable
The Elder Scrolls IV: Oblivion® Game of the Year Edition,First-Person
The Elder Scrolls IV: Oblivion® Game of the Year Edition,Adventure
The Elder Scrolls IV: Oblivion® Game of the Year Edition,Exploration
The Elder Scrolls IV: Oblivion® Game of the Year Edition,Great Soundtrack
The Elder Scrolls IV: Oblivion® Game of the Year Edition,Magic
The Elder Scrolls IV: Oblivion® Game of the Year Edition,Action
The Elder Scrolls IV: Oblivion® Game of the Year Edition,Character Customization
The Elder Scrolls IV: Oblivion® Game of the Year Edition,Story Rich
The Elder Scrolls IV: Oblivion® Game of the Year Edition,Atmospheric
The Elder Scrolls IV: Oblivion® Game of the Year Edition,Medieval
The Elder Scrolls IV: Oblivion® Game of the Year Edition,Sandbox
The Elder Scrolls IV: Oblivion® Game of the Year Edition,Classic
The Elder Scrolls IV: Oblivion® Game of the Year Edition,Action RPG
The Elder Scrolls IV: Oblivion® Game of the Year Edition,Third Person
The Elder Scrolls IV: Oblivion® Game of the Year Edition,Dark Fantasy
Fallout: New Vegas,Open World
Fallout: New Vegas,RPG
Fallout: New Vegas,Post-apocalyptic
Fallout: New Vegas,Singleplayer
Fallout: New Vegas,Moddable
Fallout: New Vegas,Story Rich
Fallout: New Vegas,Exploration
Fallout: New Vegas,First-Person
Fallout: New Vegas,Action
Fallout: New Vegas,Adventure
Fallout: New Vegas,Sci-fi
Fallout: New Vegas,FPS
Fallout: New Vegas,Western
Fallout: New Vegas,Atmospheric
Fallout: New Vegas,Action RPG
Fallout: New Vegas,Character Customization
Fallout: New Vegas,Survival
Fallout: New Vegas,Sandbox
Fallout: New Vegas,Shooter
Fallout: New Vegas,Third Person
Poker Night at the Inventory,Card Game
Poker Night at the Inventory,Casual
Poker Night at the Inventory,Comedy
Poker Night at the Inventory,Singleplayer
Poker Night at the Inventory,Funny
Poker Night at the Inventory,Gambling
Poker Night at the Inventory,Strategy
Poker Night at the Inventory,Sports
Poker Night at the Inventory,Simulation
Poker Night at the Inventory,Conversation
Poker Night at the Inventory,Indie
Poker Night at the Inventory,Memes
Poker Night at the Inventory,First-Person
Poker Night at the Inventory,Touch-Friendly
Poker Night at the Inventory,Point & Click
Poker Night at the Inventory,Multiplayer
Poker Night at the Inventory,Board Game
Poker Night at the Inventory,Action
Poker Night at the Inventory,Relaxing
Poker Night at the Inventory,Free to Play
STAR WARS™ Knights of the Old Republic™,RPG
STAR WARS™ Knights of the Old Republic™,Sci-fi
STAR WARS™ Knights of the Old Republic™,Story Rich
STAR WARS™ Knights of the Old Republic™,Singleplayer
STAR WARS™ Knights of the Old Republic™,Classic
STAR WARS™ Knights of the Old Republic™,Adventure
STAR WARS™ Knights of the Old Republic™,Party-Based RPG
STAR WARS™ Knights of the Old Republic™,Real-Time with Pause
STAR WARS™ Knights of the Old Republic™,Choices Matter
STAR WARS™ Knights of the Old Republic™,Third Person
STAR WARS™ Knights of the Old Republic™,Action
STAR WARS™ Knights of the Old Republic™,Space
STAR WARS™ Knights of the Old Republic™,Exploration
STAR WARS™ Knights of the Old Republic™,Fantasy
STAR WARS™ Knights of the Old Republic™,Atmospheric
STAR WARS™ Knights of the Old Republic™,Turn-Based
STAR WARS™ Knights of the Old Republic™,Great Soundtrack
STAR WARS™ Knights of the Old Republic™,Moddable
STAR WARS™ Knights of the Old Republic™,Female Protagonist
STAR WARS™ Knights of the Old Republic™,Open World
Assassin's Creed 2,Action
Assassin's Creed 2,Open World
Assassin's Creed 2,Parkour
Assassin's Creed 2,Assassin
Assassin's Creed 2,Adventure
Assassin's Creed 2,Stealth
Assassin's Creed 2,Third Person
Assassin's Creed 2,Historical
Assassin's Creed 2,Story Rich
Assassin's Creed 2,Singleplayer
Assassin's Creed 2,Great Soundtrack
Assassin's Creed 2,Atmospheric
Assassin's Creed 2,Conspiracy
Assassin's Creed 2,Action-Adventure
Assassin's Creed 2,Multiplayer
Assassin's Creed 2,Classic
Assassin's Creed 2,Controller
Assassin's Creed 2,Alternate History
Assassin's Creed 2,Sandbox
Assassin's Creed 2,Sci-fi
FINAL FANTASY VII,JRPG
FINAL FANTASY VII,RPG
FINAL FANTASY VII,Classic
FINAL FANTASY VII,Turn-Based
FINAL FANTASY VII,Story Rich
FINAL FANTASY VII,Singleplayer
FINAL FANTASY VII,Great Soundtrack
FINAL FANTASY VII,Fantasy
FINAL FANTASY VII,Retro
FINAL FANTASY VII,Adventure
FINAL FANTASY VII,Party-Based RPG
FINAL FANTASY VII,Epic
FINAL FANTASY VII,Sci-fi
FINAL FANTASY VII,Open World
FINAL FANTASY VII,Cyberpunk
FINAL FANTASY VII,Atmospheric
FINAL FANTASY VII,Exploration
FINAL FANTASY VII,Dystopian
FINAL FANTASY VII,1990's
FINAL FANTASY VII,Strategy
FINAL FANTASY XIV Online,MMORPG
FINAL FANTASY XIV Online,RPG
FINAL FANTASY XIV Online,Massively Multiplayer
FINAL FANTASY XIV Online,Fantasy
FINAL FANTASY XIV Online,Character Customization
FINAL FANTASY XIV Online,JRPG
FINAL FANTASY XIV Online,Great Soundtrack
FINAL FANTASY XIV Online,Story Rich
FINAL FANTASY XIV Online,Open World
FINAL FANTASY XIV Online,Anime
FINAL FANTASY XIV Online,Multiplayer
FINAL FANTASY XIV Online,Adventure
FINAL FANTASY XIV Online,Magic
FINAL FANTASY XIV Online,Action
FINAL FANTASY XIV Online,Atmospheric
FINAL FANTASY XIV Online,Co-op
FINAL FANTASY XIV Online,Online Co-Op
FINAL FANTASY XIV Online,Action RPG
FINAL FANTASY XIV Online,Female Protagonist
FINAL FANTASY XIV Online,Singleplayer
Need For Speed: Hot Pursuit,Racing
Need For Speed: Hot Pursuit,Combat Racing
Need For Speed: Hot Pursuit,Sports
Need For Speed: Hot Pursuit,Driving
Need For Speed: Hot Pursuit,PvP
Need For Speed: Hot Pursuit,Automobile Sim
Need For Speed: Hot Pursuit,Open World
Need For Speed: Hot Pursuit,Third Person
Need For Speed: Hot Pursuit,Arcade
Need For Speed: Hot Pursuit,First-Person
Need For Speed: Hot Pursuit,Simulation
Need For Speed: Hot Pursuit,Atmospheric
Need For Speed: Hot Pursuit,Online Co-Op
Need For Speed: Hot Pursuit,Adventure
Need For Speed: Hot Pursuit,Multiplayer
Need For Speed: Hot Pursuit,Action
Need For Speed: Hot Pursuit,Co-op
Need For Speed: Hot Pursuit,Singleplayer
Need For Speed: Hot Pursuit,Controller
Need For Speed: Hot Pursuit,Great Soundtrack
The Sims™ 3,Life Sim
The Sims™ 3,Simulation
The Sims™ 3,Character Customization
The Sims™ 3,Building
The Sims™ 3,Sandbox
The Sims™ 3,Singleplayer
The Sims™ 3,Casual
The Sims™ 3,Funny
The Sims™ 3,Moddable
The Sims™ 3,RPG
The Sims™ 3,Romance
The Sims™ 3,Family Friendly
The Sims™ 3,Comedy
The Sims™ 3,Adventure
The Sims™ 3,Replay Value
The Sims™ 3,Multiplayer
The Sims™ 3,Nudity
The Sims™ 3,Great Soundtrack
The Sims™ 3,Strategy
The Sims™ 3,Action
LIMBO,Puzzle-Platformer
LIMBO,Indie
LIMBO,Puzzle
LIMBO,Platformer
LIMBO,Dark
LIMBO,Atmospheric
LIMBO,Adventure
LIMBO,2D
LIMBO,Singleplayer
LIMBO,Horror
LIMBO,Surreal
LIMBO,Short
LIMBO,Side Scroller
LIMBO,Difficult
LIMBO,Minimalist
LIMBO,Physics
LIMBO,Action
LIMBO,Cinematic
LIMBO,Casual
LIMBO,Controller
Borderlands 2,Loot
Borderlands 2,Shooter
Borderlands 2,Action
Borderlands 2,Multiplayer
Borderlands 2,Co-op
Borderlands 2,Looter Shooter
Borderlands 2,FPS
Borderlands 2,RPG
Borderlands 2,First-Person
Borderlands 2,Funny
Borderlands 2,Comedy
Borderlands 2,Open World
Borderlands 2,Combat
Borderlands 2,Online Co-Op
Borderlands 2,Adventure
Borderlands 2,Action RPG
Borderlands 2,Dark Humor
Borderlands 2,Singleplayer
Borderlands 2,Memes
Borderlands 2,Sci-fi
Amnesia: The Dark Descent,Horror
Amnesia: The Dark Descent,Gore
Amnesia: The Dark Descent,Survival Horror
Amnesia: The Dark Descent,Psychological Horror
Amnesia: The Dark Descent,Atmospheric
Amnesia: The Dark Descent,Puzzle
Amnesia: The Dark Descent,First-Person
Amnesia: The Dark Descent,Nudity
Amnesia: The Dark Descent,Dark
Amnesia: The Dark Descent,Adventure
Amnesia: The Dark Descent,Lovecraftian
Amnesia: The Dark Descent,Indie
Amnesia: The Dark Descent,Singleplayer
Amnesia: The Dark Descent,Action
Amnesia: The Dark Descent,Exploration
Amnesia: The Dark Descent,Stealth
Amnesia: The Dark Descent,Walking Simulator
Amnesia: The Dark Descent,Physics
Amnesia: The Dark Descent,Surreal
Amnesia: The Dark Descent,Story Rich
The Bureau: XCOM Declassified,Action
The Bureau: XCOM Declassified,Tactical
The Bureau: XCOM Declassified,Sci-fi
The Bureau: XCOM Declassified,Third-Person Shooter
The Bureau: XCOM Declassified,Singleplayer
The Bureau: XCOM Declassified,Third Person
The Bureau: XCOM Declassified,Aliens
The Bureau: XCOM Declassified,Strategy
The Bureau: XCOM Declassified,Shooter
The Bureau: XCOM Declassified,RPG
The Bureau: XCOM Declassified,Adventure
The Bureau: XCOM Declassified,Atmospheric
The Bureau: XCOM Declassified,Cold War
The Bureau: XCOM Declassified,Story Rich
The Bureau: XCOM Declassified,Multiplayer
The Bureau: XCOM Declassified,Open World
The Bureau: XCOM Declassified,Noir
The Bureau: XCOM Declassified,Stealth
The Bureau: XCOM Declassified,Retro
The Bureau: XCOM Declassified,War
Sid Meier's Civilization®: Beyond Earth™,Strategy
Sid Meier's Civilization®: Beyond Earth™,Turn-Based Strategy
Sid Meier's Civilization®: Beyond Earth™,Sci-fi
Sid Meier's Civilization®: Beyond Earth™,Space
Sid Meier's Civilization®: Beyond Earth™,4X
Sid Meier's Civilization®: Beyond Earth™,Turn-Based
Sid Meier's Civilization®: Beyond Earth™,Multiplayer
Sid Meier's Civilization®: Beyond Earth™,Futuristic
Sid Meier's Civilization®: Beyond Earth™,Singleplayer
Sid Meier's Civilization®: Beyond Earth™,Aliens
Sid Meier's Civilization®: Beyond Earth™,Tactical
Sid Meier's Civilization®: Beyond Earth™,Hex Grid
Sid Meier's Civilization®: Beyond Earth™,Grand Strategy
Sid Meier's Civilization®: Beyond Earth™,Replay Value
Sid Meier's Civilization®: Beyond Earth™,Exploration
Sid Meier's Civilization®: Beyond Earth™,Atmospheric
Sid Meier's Civilization®: Beyond Earth™,Adventure
Sid Meier's Civilization®: Beyond Earth™,Moddable
Sid Meier's Civilization®: Beyond Earth™,Simulation
Sid Meier's Civilization®: Beyond Earth™,Action
The Elder Scrolls V: Skyrim,Open World
The Elder Scrolls V: Skyrim,RPG
The Elder Scrolls V: Skyrim,Fantasy
The Elder Scrolls V: Skyrim,Adventure
The Elder Scrolls V: Skyrim,Dragons
The Elder Scrolls V: Skyrim,Moddable
The Elder Scrolls V: Skyrim,First-Person
The Elder Scrolls V: Skyrim,Action
The Elder Scrolls V: Skyrim,Medieval
The Elder Scrolls V: Skyrim,Singleplayer
The Elder Scrolls V: Skyrim,Magic
The Elder Scrolls V: Skyrim,Story Rich
The Elder Scrolls V: Skyrim,Great Soundtrack
The Elder Scrolls V: Skyrim,Sandbox
The Elder Scrolls V: Skyrim,Lore-Rich
The Elder Scrolls V: Skyrim,Atmospheric
The Elder Scrolls V: Skyrim,Character Customization
The Elder Scrolls V: Skyrim,Action RPG
The Elder Scrolls V: Skyrim,Third Person
The Elder Scrolls V: Skyrim,Epic
The Tiny Bang Story,Point & Click
The Tiny Bang Story,Puzzle
The Tiny Bang Story,Hand-drawn
The Tiny Bang Story,Steampunk
The Tiny Bang Story,Retro
The Tiny Bang Story,Atmospheric
The Tiny Bang Story,2D
The Tiny Bang Story,Story Rich
The Tiny Bang Story,Casual
The Tiny Bang Story,Family Friendly
The Tiny Bang Story,Cute
The Tiny Bang Story,Surreal
The Tiny Bang Story,Stylized
The Tiny Bang Story,Adventure
The Tiny Bang Story,Singleplayer
The Tiny Bang Story,Hidden Object
The Tiny Bang Story,Indie
The Tiny Bang Story,Minigames
The Tiny Bang Story,Logic
The Tiny Bang Story,Relaxing
Age of Empires® III (2007),Strategy
Age of Empires® III (2007),RTS
Age of Empires® III (2007),Base-Building
Age of Empires® III (2007),Multiplayer
Age of Empires® III (2007),Historical
Age of Empires® III (2007),Resource Management
Age of Empires® III (2007),City Builder
Age of Empires® III (2007),War
Age of Empires® III (2007),Simulation
Age of Empires® III (2007),Real-Time
Age of Empires® III (2007),Singleplayer
Age of Empires® III (2007),Military
Age of Empires® III (2007),Classic
Age of Empires® III (2007),Building
Age of Empires® III (2007),Open World
Age of Empires® III (2007),Co-op
Age of Empires® III (2007),Action
Age of Empires® III (2007),Online Co-Op
Age of Empires® III (2007),Real-Time with Pause
Age of Empires® III (2007),Adventure
Terraria,Open World Survival Craft
Terraria,Sandbox
Terraria,Survival
Terraria,2D
Terraria,Multiplayer
Terraria,Adventure
Terraria,Pixel Graphics
Terraria,Crafting
Terraria,Building
Terraria,Exploration
Terraria,Co-op
Terraria,Open World
Terraria,Online Co-Op
Terraria,Indie
Terraria,Action
Terraria,RPG
Terraria,Singleplayer
Terraria,Replay Value
Terraria,Platformer
Terraria,Atmospheric
Bastion,Great Soundtrack
Bastion,Indie
Bastion,Action
Bastion,Singleplayer
Bastion,Narration
Bastion,RPG
Bastion,Hack and Slash
Bastion,Story Rich
Bastion,Dynamic Narration
Bastion,Isometric
Bastion,Adventure
Bastion,Action RPG
Bastion,Fantasy
Bastion,Atmospheric
Bastion,Colorful
Bastion,Post-apocalyptic
Bastion,2D
Bastion,Music
Bastion,Twin Stick Shooter
Bastion,Controller
L.A. Noire,Detective
L.A. Noire,Crime
L.A. Noire,Open World
L.A. Noire,Noir
L.A. Noire,Adventure
L.A. Noire,Story Rich
L.A. Noire,Mystery
L.A. Noire,Third Person
L.A. Noire,Investigation
L.A. Noire,Singleplayer
L.A. Noire,Cinematic
L.A. Noire,Action
L.A. Noire,Atmospheric
L.A. Noire,Mature
L.A. Noire,Nudity
L.A. Noire,Strategy
L.A. Noire,Puzzle
L.A. Noire,Third-Person Shooter
L.A. Noire,Thriller
L.A. Noire,3D Vision
The Binding of Isaac,Action Roguelike
The Binding of Isaac,Rogue-like
The Binding of Isaac,Indie
The Binding of Isaac,Replay Value
The Binding of Isaac,Difficult
The Binding of Isaac,Procedural Generation
The Binding of Isaac,Dark
The Binding of Isaac,Action
The Binding of Isaac,Top-Down
The Binding of Isaac,Great Soundtrack
The Binding of Isaac,Addictive
The Binding of Isaac,Singleplayer
The Binding of Isaac,Adventure
The Binding of Isaac,Rogue-lite
The Binding of Isaac,2D
The Binding of Isaac,Dungeon Crawler
The Binding of Isaac,Survival
The Binding of Isaac,RPG
The Binding of Isaac,Perma Death
The Binding of Isaac,Bullet Hell
Call of Duty®: Black Ops II,Action
Call of Duty®: Black Ops II,Multiplayer
Call of Duty®: Black Ops II,FPS
Call of Duty®: Black Ops II,Shooter
Call of Duty®: Black Ops II,First-Person
Call of Duty®: Black Ops II,Singleplayer
Call of Duty®: Black Ops II,Co-op
Call of Duty®: Black Ops II,War
Call of Duty®: Black Ops II,Online Co-Op
Call of Duty®: Black Ops II,Team-Based
Call of Duty®: Black Ops II,Futuristic
Call of Duty®: Black Ops II,Survival
Call of Duty®: Black Ops II,Controller
Call of Duty®: Black Ops II,Tactical
Call of Duty®: Black Ops II,Adventure
Call of Duty®: Black Ops II,Great Soundtrack
Call of Duty®: Black Ops II,Sci-fi
Call of Duty®: Black Ops II,Horror
Call of Duty®: Black Ops II,Massively Multiplayer
Call of Duty®: Black Ops II,Atmospheric
Serious Sam 2,Action
Serious Sam 2,FPS
Serious Sam 2,Co-op
Serious Sam 2,Comedy
Serious Sam 2,Multiplayer
Serious Sam 2,Shooter
Serious Sam 2,First-Person
Serious Sam 2,Gore
Serious Sam 2,Funny
Serious Sam 2,Singleplayer
Serious Sam 2,Classic
Serious Sam 2,Adventure
Serious Sam 2,Indie
Serious Sam 2,Sci-fi
Serious Sam 2,Online Co-Op
Serious Sam 2,Colorful
Serious Sam 2,Great Soundtrack
Serious Sam 2,Atmospheric
Serious Sam 2,Open World
Serious Sam 2,Difficult
Castle Crashers®,2D
Castle Crashers®,Online Co-Op
Castle Crashers®,Funny
Castle Crashers®,Beat 'em up
Castle Crashers®,Hack and Slash
Castle Crashers®,Co-op
Castle Crashers®,Adventure
Castle Crashers®,4 Player Local
Castle Crashers®,Local Co-Op
Castle Crashers®,Multiplayer
Castle Crashers®,Local Multiplayer
Castle Crashers®,Action
Castle Crashers®,Singleplayer
Castle Crashers®,Medieval
Castle Crashers®,Cartoony
Castle Crashers®,Cute
Castle Crashers®,Comedy
Castle Crashers®,RPG
Castle Crashers®,Arcade
Castle Crashers®,Casual
Dishonored,Stealth
Dishonored,First-Person
Dishonored,Action
Dishonored,Assassin
Dishonored,Steampunk
Dishonored,Singleplayer
Dishonored,Atmospheric
Dishonored,Story Rich
Dishonored,Multiple Endings
Dishonored,Adventure
Dishonored,Dark
Dishonored,Magic
Dishonored,Dystopian
Dishonored,FPS
Dishonored,RPG
Dishonored,Replay Value
Dishonored,Fantasy
Dishonored,Immersive Sim
Dishonored,Open World
Dishonored,Shooter
SpeedRunners,Multiplayer
SpeedRunners,Racing
SpeedRunners,Local Multiplayer
SpeedRunners,Indie
SpeedRunners,Competitive
SpeedRunners,Fast-Paced
SpeedRunners,Platformer
SpeedRunners,Action
SpeedRunners,2D
SpeedRunners,4 Player Local
SpeedRunners,Funny
SpeedRunners,Parkour
SpeedRunners,Sports
SpeedRunners,Controller
SpeedRunners,Local Co-Op
SpeedRunners,Co-op
SpeedRunners,Level Editor
SpeedRunners,Singleplayer
SpeedRunners,Arcade
SpeedRunners,Superhero
Batman™: Arkham Knight,Action
Batman™: Arkham Knight,Open World
Batman™: Arkham Knight,Superhero
Batman™: Arkham Knight,Stealth
Batman™: Arkham Knight,Adventure
Batman™: Arkham Knight,Third Person
Batman™: Arkham Knight,Singleplayer
Batman™: Arkham Knight,Detective
Batman™: Arkham Knight,Fighting
Batman™: Arkham Knight,Story Rich
Batman™: Arkham Knight,Atmospheric
Batman™: Arkham Knight,Dark
Batman™: Arkham Knight,Comic Book
Batman™: Arkham Knight,Beat 'em up
Batman™: Arkham Knight,Puzzle
Batman™: Arkham Knight,Mature
Batman™: Arkham Knight,Sandbox
Batman™: Arkham Knight,Strategy
Batman™: Arkham Knight,Horror
Batman™: Arkham Knight,Epic
FTL: Faster Than Light,Rogue-like
FTL: Faster Than Light,Space
FTL: Faster Than Light,Strategy
FTL: Faster Than Light,Sci-fi
FTL: Faster Than Light,Indie
FTL: Faster Than Light,Singleplayer
FTL: Faster Than Light,Perma Death
FTL: Faster Than Light,Difficult
FTL: Faster Than Light,Replay Value
FTL: Faster Than Light,Real-Time with Pause
FTL: Faster Than Light,Great Soundtrack
FTL: Faster Than Light,2D
FTL: Faster Than Light,Simulation
FTL: Faster Than Light,Rogue-lite
FTL: Faster Than Light,Survival
FTL: Faster Than Light,Adventure
FTL: Faster Than Light,Pixel Graphics
FTL: Faster Than Light,RPG
FTL: Faster Than Light,Atmospheric
FTL: Faster Than Light,Addictive
Alien: Isolation,Horror
Alien: Isolation,Survival Horror
Alien: Isolation,Sci-fi
Alien: Isolation,Atmospheric
Alien: Isolation,Aliens
Alien: Isolation,Stealth
Alien: Isolation,First-Person
Alien: Isolation,Space
Alien: Isolation,Female Protagonist
Alien: Isolation,Survival
Alien: Isolation,Singleplayer
Alien: Isolation,Action
Alien: Isolation,Difficult
Alien: Isolation,Adventure
Alien: Isolation,Psychological Horror
Alien: Isolation,Great Soundtrack
Alien: Isolation,FPS
Alien: Isolation,Gore
Alien: Isolation,Shooter
Alien: Isolation,VR
Hotline Miami,Great Soundtrack
Hotline Miami,Violent
Hotline Miami,Action
Hotline Miami,Indie
Hotline Miami,Top-Down
Hotline Miami,Pixel Graphics
Hotline Miami,1980s
Hotline Miami,Fast-Paced
Hotline Miami,Gore
Hotline Miami,Retro
Hotline Miami,Psychedelic
Hotline Miami,Difficult
Hotline Miami,Singleplayer
Hotline Miami,Surreal
Hotline Miami,Shooter
Hotline Miami,2D
Hotline Miami,Top-Down Shooter
Hotline Miami,Atmospheric
Hotline Miami,Addictive
Hotline Miami,Music
Kerbal Space Program,Space
Kerbal Space Program,Simulation
Kerbal Space Program,Sandbox
Kerbal Space Program,Physics
Kerbal Space Program,Science
Kerbal Space Program,Space Sim
Kerbal Space Program,Building
Kerbal Space Program,Moddable
Kerbal Space Program,Indie
Kerbal Space Program,Education
Kerbal Space Program,Open World
Kerbal Space Program,Singleplayer
Kerbal Space Program,Exploration
Kerbal Space Program,Funny
Kerbal Space Program,Sci-fi
Kerbal Space Program,Difficult
Kerbal Space Program,Adventure
Kerbal Space Program,Replay Value
Kerbal Space Program,Strategy
Kerbal Space Program,Comedy
Far Cry 3,Open World
Far Cry 3,FPS
Far Cry 3,Action
Far Cry 3,Adventure
Far Cry 3,Multiplayer
Far Cry 3,Shooter
Far Cry 3,Stealth
Far Cry 3,Co-op
Far Cry 3,First-Person
Far Cry 3,Hunting
Far Cry 3,Singleplayer
Far Cry 3,Sandbox
Far Cry 3,Survival
Far Cry 3,Story Rich
Far Cry 3,Online Co-Op
Far Cry 3,Atmospheric
Far Cry 3,Nudity
Far Cry 3,Crafting
Far Cry 3,Colorful
Far Cry 3,RPG
DmC: Devil May Cry,Action
DmC: Devil May Cry,Hack and Slash
DmC: Devil May Cry,Great Soundtrack
DmC: Devil May Cry,Spectacle fighter
DmC: Devil May Cry,Demons
DmC: Devil May Cry,Adventure
DmC: Devil May Cry,Third Person
DmC: Devil May Cry,Singleplayer
DmC: Devil May Cry,Character Action Game
DmC: Devil May Cry,Reboot
DmC: Devil May Cry,Controller
DmC: Devil May Cry,Gore
DmC: Devil May Cry,Stylized
DmC: Devil May Cry,Beat 'em up
DmC: Devil May Cry,Atmospheric
DmC: Devil May Cry,Fast-Paced
DmC: Devil May Cry,Comedy
DmC: Devil May Cry,Story Rich
DmC: Devil May Cry,Fantasy
DmC: Devil May Cry,Platformer
Resident Evil 6,Action
Resident Evil 6,Zombies
Resident Evil 6,Co-op
Resident Evil 6,Third-Person Shooter
Resident Evil 6,Horror
Resident Evil 6,Co-op Campaign
Resident Evil 6,Adventure
Resident Evil 6,Online Co-Op
Resident Evil 6,Multiplayer
Resident Evil 6,Third Person
Resident Evil 6,Shooter
Resident Evil 6,Split Screen
Resident Evil 6,Quick-Time Events
Resident Evil 6,Local Co-Op
Resident Evil 6,Survival Horror
Resident Evil 6,Survival
Resident Evil 6,Singleplayer
Resident Evil 6,Atmospheric
Resident Evil 6,Female Protagonist
Resident Evil 6,Casual
Don't Starve,Survival
Don't Starve,Open World Survival Craft
Don't Starve,Crafting
Don't Starve,Adventure
Don't Starve,Indie
Don't Starve,Sandbox
Don't Starve,Singleplayer
Don't Starve,Perma Death
Don't Starve,Open World
Don't Starve,Exploration
Don't Starve,Multiplayer
Don't Starve,Rogue-like
Don't Starve,Replay Value
Don't Starve,Moddable
Don't Starve,Difficult
Don't Starve,Simulation
Don't Starve,2D
Don't Starve,Top-Down
Don't Starve,Survival Horror
Don't Starve,Horror
The Stanley Parable,Comedy
The Stanley Parable,Narration
The Stanley Parable,Indie
The Stanley Parable,Walking Simulator
The Stanley Parable,First-Person
The Stanley Parable,Funny
The Stanley Parable,Psychological
The Stanley Parable,Satire
The Stanley Parable,Dynamic Narration
The Stanley Parable,Adventure
The Stanley Parable,Exploration
The Stanley Parable,Multiple Endings
The Stanley Parable,Singleplayer
The Stanley Parable,Choices Matter
The Stanley Parable,Story Rich
The Stanley Parable,Short
The Stanley Parable,Surreal
The Stanley Parable,Atmospheric
The Stanley Parable,Puzzle
The Stanley Parable,Casual
Divinity: Original Sin (Classic),RPG
Divinity: Original Sin (Classic),Turn-Based
Divinity: Original Sin (Classic),Co-op
Divinity: Original Sin (Classic),Fantasy
Divinity: Original Sin (Classic),Adventure
Divinity: Original Sin (Classic),Strategy
Divinity: Original Sin (Classic),Open World
Divinity: Original Sin (Classic),Isometric
Divinity: Original Sin (Classic),CRPG
Divinity: Original Sin (Classic),Story Rich
Divinity: Original Sin (Classic),Kickstarter
Divinity: Original Sin (Classic),Indie
Divinity: Original Sin (Classic),Multiplayer
Divinity: Original Sin (Classic),Singleplayer
Divinity: Original Sin (Classic),Turn-Based Strategy
Divinity: Original Sin (Classic),Magic
Divinity: Original Sin (Classic),Online Co-Op
Divinity: Original Sin (Classic),Crowdfunded
Divinity: Original Sin (Classic),Atmospheric
Divinity: Original Sin (Classic),Female Protagonist
Universe Sandbox,Sandbox
Universe Sandbox,Space
Universe Sandbox,Simulation
Universe Sandbox,Physics
Universe Sandbox,Science
Universe Sandbox,Destruction
Universe Sandbox,Realistic
Universe Sandbox,God Game
Universe Sandbox,Education
Universe Sandbox,Early Access
Universe Sandbox,Singleplayer
Universe Sandbox,VR
Universe Sandbox,Open World
Universe Sandbox,Indie
Universe Sandbox,Casual
Universe Sandbox,Atmospheric
Universe Sandbox,Sci-fi
Universe Sandbox,Great Soundtrack
Universe Sandbox,Exploration
Universe Sandbox,Space Sim
Warframe,Free to Play
Warframe,Action RPG
Warframe,Looter Shooter
Warframe,Third-Person Shooter
Warframe,Action
Warframe,RPG
Warframe,Third Person
Warframe,Character Customization
Warframe,Massively Multiplayer
Warframe,Online Co-Op
Warframe,Co-op
Warframe,Singleplayer
Warframe,PvE
Warframe,Sci-fi
Warframe,Lore-Rich
Warframe,Space
Warframe,Shooter
Warframe,Hack and Slash
Warframe,Parkour
Warframe,Ninja
Surgeon Simulator,Simulation
Surgeon Simulator,Funny
Surgeon Simulator,Comedy
Surgeon Simulator,Physics
Surgeon Simulator,Indie
Surgeon Simulator,Medical Sim
Surgeon Simulator,Dark Humor
Surgeon Simulator,Puzzle
Surgeon Simulator,Difficult
Surgeon Simulator,Intentionally Awkward Controls
Surgeon Simulator,VR
Surgeon Simulator,First-Person
Surgeon Simulator,Casual
Surgeon Simulator,Aliens
Surgeon Simulator,Dark
Surgeon Simulator,Singleplayer
Surgeon Simulator,Action
Surgeon Simulator,Blood
Surgeon Simulator,Gore
Surgeon Simulator,Great Soundtrack
Kenshi,Open World
Kenshi,Sandbox
Kenshi,RPG
Kenshi,Survival
Kenshi,Strategy
Kenshi,Building
Kenshi,Post-apocalyptic
Kenshi,Base-Building
Kenshi,Singleplayer
Kenshi,Crafting
Kenshi,City Builder
Kenshi,Indie
Kenshi,Simulation
Kenshi,Adventure
Kenshi,Management
Kenshi,RTS
Kenshi,Ninja
Kenshi,Character Customization
Kenshi,Alternate History
Kenshi,Steampunk
Transistor,Great Soundtrack
Transistor,Female Protagonist
Transistor,Indie
Transistor,Cyberpunk
Transistor,Story Rich
Transistor,Sci-fi
Transistor,Action RPG
Transistor,Singleplayer
Transistor,RPG
Transistor,Beautiful
Transistor,Isometric
Transistor,Atmospheric
Transistor,Action
Transistor,Narration
Transistor,Strategy
Transistor,Tactical
Transistor,Adventure
Transistor,Turn-Based
Transistor,Short
Transistor,Hack and Slash
The Wolf Among Us,Adventure
The Wolf Among Us,Detective
The Wolf Among Us,Story Rich
The Wolf Among Us,Episodic
The Wolf Among Us,Choose Your Own Adventure
The Wolf Among Us,Point & Click
The Wolf Among Us,Noir
The Wolf Among Us,Mature
The Wolf Among Us,Visual Novel
The Wolf Among Us,Choices Matter
The Wolf Among Us,Singleplayer
The Wolf Among Us,Atmospheric
The Wolf Among Us,Comic Book
The Wolf Among Us,Mystery
The Wolf Among Us,Cinematic
The Wolf Among Us,Action
The Wolf Among Us,Dark
The Wolf Among Us,Well-Written
The Wolf Among Us,Fantasy
The Wolf Among Us,Casual
How to Survive,Survival
How to Survive,Zombies
How to Survive,Crafting
How to Survive,Open World Survival Craft
How to Survive,Action
How to Survive,Co-op
How to Survive,Multiplayer
How to Survive,RPG
How to Survive,Local Co-Op
How to Survive,Online Co-Op
How to Survive,Adventure
How to Survive,Survival Horror
How to Survive,Open World
How to Survive,Hack and Slash
How to Survive,Post-apocalyptic
How to Survive,Gore
How to Survive,Singleplayer
How to Survive,Third Person
How to Survive,Comedy
How to Survive,Indie
The Binding of Isaac: Rebirth,Action Roguelike
The Binding of Isaac: Rebirth,Rogue-like
The Binding of Isaac: Rebirth,Indie
The Binding of Isaac: Rebirth,Replay Value
The Binding of Isaac: Rebirth,Difficult
The Binding of Isaac: Rebirth,Pixel Graphics
The Binding of Isaac: Rebirth,Dungeon Crawler
The Binding of Isaac: Rebirth,Great Soundtrack
The Binding of Isaac: Rebirth,Singleplayer
The Binding of Isaac: Rebirth,Dark
The Binding of Isaac: Rebirth,2D
The Binding of Isaac: Rebirth,Remake
The Binding of Isaac: Rebirth,Local Co-Op
The Binding of Isaac: Rebirth,Gore
The Binding of Isaac: Rebirth,Procedural Generation
The Binding of Isaac: Rebirth,Rogue-lite
The Binding of Isaac: Rebirth,Atmospheric
The Binding of Isaac: Rebirth,Action
The Binding of Isaac: Rebirth,Co-op
The Binding of Isaac: Rebirth,Horror
Rust,Survival
Rust,Crafting
Rust,Multiplayer
Rust,Open World
Rust,Open World Survival Craft
Rust,Building
Rust,PvP
Rust,Sandbox
Rust,Adventure
Rust,First-Person
Rust,Action
Rust,FPS
Rust,Nudity
Rust,Co-op
Rust,Shooter
Rust,Online Co-Op
Rust,Indie
Rust,Early Access
Rust,Post-apocalyptic
Rust,Simulation
Rocket League®,Football (Soccer)
Rocket League®,Multiplayer
Rocket League®,Competitive
Rocket League®,Sports
Rocket League®,Racing
Rocket League®,Football (American)
Rocket League®,Team-Based
Rocket League®,Online Co-Op
Rocket League®,Fast-Paced
Rocket League®,Co-op
Rocket League®,Action
Rocket League®,Funny
Rocket League®,Great Soundtrack
Rocket League®,Local Multiplayer
Rocket League®,Split Screen
Rocket League®,Local Co-Op
Rocket League®,Singleplayer
Rocket League®,4 Player Local
Rocket League®,Casual
Rocket League®,Indie
Resident Evil 4 (2005),Inventory Management
Resident Evil 4 (2005),Survival Horror
Resident Evil 4 (2005),Action
Resident Evil 4 (2005),Zombies
Resident Evil 4 (2005),Horror
Resident Evil 4 (2005),Third-Person Shooter
Resident Evil 4 (2005),Singleplayer
Resident Evil 4 (2005),Adventure
Resident Evil 4 (2005),Classic
Resident Evil 4 (2005),Third Person
Resident Evil 4 (2005),Quick-Time Events
Resident Evil 4 (2005),Atmospheric
Resident Evil 4 (2005),Survival
Resident Evil 4 (2005),Shooter
Resident Evil 4 (2005),Gore
Resident Evil 4 (2005),Replay Value
Resident Evil 4 (2005),Remake
Resident Evil 4 (2005),Great Soundtrack
Resident Evil 4 (2005),Difficult
Resident Evil 4 (2005),Multiplayer
Cities: Skylines,City Builder
Cities: Skylines,Simulation
Cities: Skylines,Building
Cities: Skylines,Management
Cities: Skylines,Strategy
Cities: Skylines,Sandbox
Cities: Skylines,Singleplayer
Cities: Skylines,Moddable
Cities: Skylines,Economy
Cities: Skylines,Resource Management
Cities: Skylines,Mod
Cities: Skylines,Realistic
Cities: Skylines,Replay Value
Cities: Skylines,Casual
Cities: Skylines,Modern
Cities: Skylines,Real-Time with Pause
Cities: Skylines,Family Friendly
Cities: Skylines,Great Soundtrack
Cities: Skylines,Funny
Cities: Skylines,Action
American Truck Simulator,Automobile Sim
American Truck Simulator,Driving
American Truck Simulator,Transportation
American Truck Simulator,Open World
American Truck Simulator,Simulation
American Truck Simulator,America
American Truck Simulator,Realistic
American Truck Simulator,Moddable
American Truck Simulator,Relaxing
American Truck Simulator,Exploration
American Truck Simulator,Economy
American Truck Simulator,Atmospheric
American Truck Simulator,Management
American Truck Simulator,Immersive Sim
American Truck Simulator,Multiplayer
American Truck Simulator,Singleplayer
American Truck Simulator,Adventure
American Truck Simulator,Casual
American Truck Simulator,Family Friendly
American Truck Simulator,Level Editor
Grand Theft Auto V,Open World
Grand Theft Auto V,Action
Grand Theft Auto V,Multiplayer
Grand Theft Auto V,Crime
Grand Theft Auto V,Automobile Sim
Grand Theft Auto V,Third Person
Grand Theft Auto V,First-Person
Grand Theft Auto V,Shooter
Grand Theft Auto V,Mature
Grand Theft Auto V,Adventure
Grand Theft Auto V,Singleplayer
Grand Theft Auto V,Third-Person Shooter
Grand Theft Auto V,Racing
Grand Theft Auto V,Co-op
Grand Theft Auto V,Atmospheric
Grand Theft Auto V,Sandbox
Grand Theft Auto V,Funny
Grand Theft Auto V,Great Soundtrack
Grand Theft Auto V,Comedy
Grand Theft Auto V,Moddable
Resident Evil,Survival Horror
Resident Evil,Zombies
Resident Evil,Horror
Resident Evil,Classic
Resident Evil,Remake
Resident Evil,Atmospheric
Resident Evil,Singleplayer
Resident Evil,Puzzle
Resident Evil,Survival
Resident Evil,Adventure
Resident Evil,Action
Resident Evil,Third Person
Resident Evil,Cult Classic
Resident Evil,Female Protagonist
Resident Evil,Story Rich
Resident Evil,Difficult
Resident Evil,Gore
Resident Evil,Shooter
Resident Evil,Great Soundtrack
Resident Evil,Third-Person Shooter
FOR HONOR™,Medieval
FOR HONOR™,Swordplay
FOR HONOR™,Action
FOR HONOR™,Multiplayer
FOR HONOR™,PvP
FOR HONOR™,Fighting
FOR HONOR™,Third Person
FOR HONOR™,War
FOR HONOR™,Co-op
FOR HONOR™,Gore
FOR HONOR™,Singleplayer
FOR HONOR™,Online Co-Op
FOR HONOR™,Hack and Slash
FOR HONOR™,Realistic
FOR HONOR™,Strategy
FOR HONOR™,Atmospheric
FOR HONOR™,RPG
FOR HONOR™,Fantasy
FOR HONOR™,MOBA
FOR HONOR™,Story Rich
Mortal Kombat X,Fighting
Mortal Kombat X,Gore
Mortal Kombat X,Action
Mortal Kombat X,Violent
Mortal Kombat X,Multiplayer
Mortal Kombat X,Blood
Mortal Kombat X,Mature
Mortal Kombat X,Local Multiplayer
Mortal Kombat X,2D Fighter
Mortal Kombat X,Competitive
Mortal Kombat X,Atmospheric
Mortal Kombat X,Singleplayer
Mortal Kombat X,Arcade
Mortal Kombat X,Great Soundtrack
Mortal Kombat X,2.5D
Mortal Kombat X,Online Co-Op
Mortal Kombat X,Fantasy
Mortal Kombat X,Third Person
Mortal Kombat X,Horror
Mortal Kombat X,Female Protagonist
Street Fighter V,Fighting
Street Fighter V,Action
Street Fighter V,2D Fighter
Street Fighter V,Multiplayer
Street Fighter V,Competitive
Street Fighter V,Arcade
Street Fighter V,Local Multiplayer
Street Fighter V,e-sports
Street Fighter V,Anime
Street Fighter V,Controller
Street Fighter V,2.5D
Street Fighter V,Singleplayer
Street Fighter V,Great Soundtrack
Street Fighter V,Classic
Street Fighter V,2D
Street Fighter V,Nudity
Street Fighter V,Female Protagonist
Street Fighter V,Early Access
Street Fighter V,Beat 'em up
Street Fighter V,Memes
Five Nights at Freddy's,Horror
Five Nights at Freddy's,Singleplayer
Five Nights at Freddy's,Survival Horror
Five Nights at Freddy's,Robots
Five Nights at Freddy's,Psychological Horror
Five Nights at Freddy's,Difficult
Five Nights at Freddy's,Indie
Five Nights at Freddy's,First-Person
Five Nights at Freddy's,Point & Click
Five Nights at Freddy's,Dark
Five Nights at Freddy's,Survival
Five Nights at Freddy's,Atmospheric
Five Nights at Freddy's,Mouse only
Five Nights at Freddy's,Supernatural
Five Nights at Freddy's,Resource Management
Five Nights at Freddy's,Jump Scare
Five Nights at Freddy's,Silent Protagonist
Five Nights at Freddy's,Lore-Rich
Five Nights at Freddy's,Short
Five Nights at Freddy's,Historical
DOOM,FPS
DOOM,Gore
DOOM,Action
DOOM,Shooter
DOOM,Demons
DOOM,Great Soundtrack
DOOM,First-Person
DOOM,Fast-Paced
DOOM,Singleplayer
DOOM,Multiplayer
DOOM,Sci-fi
DOOM,Horror
DOOM,Atmospheric
DOOM,Classic
DOOM,Blood
DOOM,Difficult
DOOM,Remake
DOOM,Zombies
DOOM,Co-op
DOOM,Violent
VRChat,VR
VRChat,Free to Play
VRChat,Memes
VRChat,Anime
VRChat,Multiplayer
VRChat,Funny
VRChat,Massively Multiplayer
VRChat,First-Person
VRChat,Early Access
VRChat,Open World
VRChat,Simulation
VRChat,Casual
VRChat,Adventure
VRChat,MMORPG
VRChat,Comedy
VRChat,Sandbox
VRChat,Action
VRChat,Dating Sim
VRChat,Survival Horror
VRChat,Atmospheric
NieR:Automata™,Great Soundtrack
NieR:Automata™,Story Rich
NieR:Automata™,Female Protagonist
NieR:Automata™,Action
NieR:Automata™,Hack and Slash
NieR:Automata™,RPG
NieR:Automata™,Open World
NieR:Automata™,JRPG
NieR:Automata™,Anime
NieR:Automata™,Post-apocalyptic
NieR:Automata™,Singleplayer
NieR:Automata™,Robots
NieR:Automata™,Atmospheric
NieR:Automata™,Sci-fi
NieR:Automata™,Nudity
NieR:Automata™,Adventure
NieR:Automata™,Bullet Hell
NieR:Automata™,Spectacle fighter
NieR:Automata™,Character Action Game
NieR:Automata™,Violent
Satisfactory,Base-Building
Satisfactory,Automation
Satisfactory,Open World
Satisfactory,Multiplayer
Satisfactory,Crafting
Satisfactory,Co-op
Satisfactory,Resource Management
Satisfactory,Building
Satisfactory,Sandbox
Satisfactory,Exploration
Satisfactory,Adventure
Satisfactory,Early Access
Satisfactory,Open World Survival Craft
Satisfactory,Simulation
Satisfactory,Survival
Satisfactory,Strategy
Satisfactory,First-Person
Satisfactory,Sci-fi
Satisfactory,Singleplayer
Satisfactory,Indie
Half-Life: Alyx,VR
Half-Life: Alyx,FPS
Half-Life: Alyx,Story Rich
Half-Life: Alyx,Horror
Half-Life: Alyx,Female Protagonist
Half-Life: Alyx,Shooter
Half-Life: Alyx,First-Person
Half-Life: Alyx,Singleplayer
Half-Life: Alyx,Action
Half-Life: Alyx,Zombies
Half-Life: Alyx,Sci-fi
Half-Life: Alyx,Atmospheric
Half-Life: Alyx,Beautiful
Half-Life: Alyx,Adventure
Half-Life: Alyx,Aliens
Half-Life: Alyx,Futuristic
Half-Life: Alyx,Psychological Horror
Half-Life: Alyx,Memes
Half-Life: Alyx,Great Soundtrack
Half-Life: Alyx,Gore
Half-Life: Alyx,VR Only
Life is Strange: Before the Storm,Story Rich
Life is Strange: Before the Storm,Choices Matter
Life is Strange: Before the Storm,Great Soundtrack
Life is Strange: Before the Storm,Female Protagonist
Life is Strange: Before the Storm,Atmospheric
Life is Strange: Before the Storm,Singleplayer
Life is Strange: Before the Storm,Episodic
Life is Strange: Before the Storm,Adventure
Life is Strange: Before the Storm,Choose Your Own Adventure
Life is Strange: Before the Storm,Multiple Endings
Life is Strange: Before the Storm,Third Person
Life is Strange: Before the Storm,Drama
Life is Strange: Before the Storm,Mystery
Life is Strange: Before the Storm,Action
Life is Strange: Before the Storm,Indie
Life is Strange: Before the Storm,Walking Simulator
Life is Strange: Before the Storm,LGBTQ+
Life is Strange: Before the Storm,Point & Click
Life is Strange: Before the Storm,Psychological Horror
Life is Strange: Before the Storm,Memes
PC Building Simulator,Simulation
PC Building Simulator,Education
PC Building Simulator,Immersive Sim
PC Building Simulator,Building
PC Building Simulator,Management
PC Building Simulator,Sandbox
PC Building Simulator,First-Person
PC Building Simulator,3D
PC Building Simulator,Life Sim
PC Building Simulator,Casual
PC Building Simulator,Realistic
PC Building Simulator,Relaxing
PC Building Simulator,Singleplayer
PC Building Simulator,Funny
PC Building Simulator,Hardware
PC Building Simulator,Puzzle
PC Building Simulator,Modern
PC Building Simulator,Inventory Management
PC Building Simulator,Atmospheric
PC Building Simulator,Indie
Disco Elysium - The Final Cut,RPG
Disco Elysium - The Final Cut,Story Rich
Disco Elysium - The Final Cut,Choices Matter
Disco Elysium - The Final Cut,Detective
Disco Elysium - The Final Cut,Isometric
Disco Elysium - The Final Cut,Atmospheric
Disco Elysium - The Final Cut,Singleplayer
Disco Elysium - The Final Cut,CRPG
Disco Elysium - The Final Cut,Point & Click
Disco Elysium - The Final Cut,Noir
Disco Elysium - The Final Cut,Surreal
Disco Elysium - The Final Cut,Adventure
Disco Elysium - The Final Cut,Indie
Disco Elysium - The Final Cut,Exploration
Disco Elysium - The Final Cut,Visual Novel
Disco Elysium - The Final Cut,Funny
Disco Elysium - The Final Cut,Open World
Disco Elysium - The Final Cut,Character Customization
Disco Elysium - The Final Cut,Political
Disco Elysium - The Final Cut,Sexual Content
BONEWORKS,VR
BONEWORKS,Physics
BONEWORKS,Action
BONEWORKS,Sandbox
BONEWORKS,Shooter
BONEWORKS,Singleplayer
BONEWORKS,Adventure
BONEWORKS,Puzzle
BONEWORKS,Great Soundtrack
BONEWORKS,First-Person
BONEWORKS,Simulation
BONEWORKS,Realistic
BONEWORKS,FPS
BONEWORKS,Indie
BONEWORKS,Violent
BONEWORKS,Horror
BONEWORKS,Parkour
BONEWORKS,Sci-fi
BONEWORKS,Gore
BONEWORKS,Funny
BONEWORKS,VR Only
Mortal Kombat 11,Fighting
Mortal Kombat 11,Gore
Mortal Kombat 11,Violent
Mortal Kombat 11,Multiplayer
Mortal Kombat 11,Blood
Mortal Kombat 11,Action
Mortal Kombat 11,2D Fighter
Mortal Kombat 11,Mature
Mortal Kombat 11,Competitive
Mortal Kombat 11,Local Multiplayer
Mortal Kombat 11,Character Customization
Mortal Kombat 11,Singleplayer
Mortal Kombat 11,Story Rich
Mortal Kombat 11,Great Soundtrack
Mortal Kombat 11,Atmospheric
Mortal Kombat 11,Sexual Content
Mortal Kombat 11,Cute
Mortal Kombat 11,Arcade
Mortal Kombat 11,2.5D
Mortal Kombat 11,Horror
Destiny 2,Free to Play
Destiny 2,Open World
Destiny 2,FPS
Destiny 2,Looter Shooter
Destiny 2,MMORPG
Destiny 2,Co-op
Destiny 2,PvP
Destiny 2,PvE
Destiny 2,Shooter
Destiny 2,Multiplayer
Destiny 2,Massively Multiplayer
Destiny 2,First-Person
Destiny 2,Sci-fi
Destiny 2,Loot
Destiny 2,Action
Destiny 2,Lore-Rich
Destiny 2,Adventure
Destiny 2,Space
Destiny 2,Competitive
Destiny 2,Atmospheric
Baldur's Gate 3,Early Access
Baldur's Gate 3,RPG
Baldur's Gate 3,Choices Matter
Baldur's Gate 3,Character Customization
Baldur's Gate 3,Story Rich
Baldur's Gate 3,CRPG
Baldur's Gate 3,Fantasy
Baldur's Gate 3,Co-op Campaign
Baldur's Gate 3,Romance
Baldur's Gate 3,Class-Based
Baldur's Gate 3,Dark Fantasy
Baldur's Gate 3,PvE
Baldur's Gate 3,Narration
Baldur's Gate 3,Turn-Based Combat
Baldur's Gate 3,Stealth
Baldur's Gate 3,Combat
Baldur's Gate 3,Crafting
Baldur's Gate 3,Isometric
Baldur's Gate 3,Team-Based
Baldur's Gate 3,Dungeons & Dragons
